id_usuario|nombre_usuario|nombre_perfil|correo|contraseña|rol|foto_perfil|biografia
1|admin|Administrador|admin@readtoowell.com|$2a$10$JSZ6Zy9hdlat1qzkYTGhgOOUOPpPGe1OryfmrhU6MfvW6Y.3AdUVq|2|https://res.cloudinary.com/dfrgrfw4c/image/upload/v1741801697/readtoowell/profilepics/pfp_basic.jpg|
187|rickriordan_|Rick Riordan|riordan@readtoowell.com|$2a$10$2PywQKR2Rh5BzieidXSLZe9h3C/K9v.i/QEfaXHXvvhB4meBb21TS|1|https://res.cloudinary.com/dfrgrfw4c/image/upload/v1746989485/readtoowell/profilepics/rick-riordan_i70axu.jpg|"Escritor americano, Rick Riordan es un autor de fantasía, misterio y literatura juvenil, conocido principalmente por su serie de libros Percy Jackson y los dioses del Olimpo.

Riordan estudió en la Universidad de Texas y pasó varios años trabajando como profesor de Inglés y Estudios Sociales en San Francisco, donde comenzó a desarrollar las historias de su personaje más emblemático, Percy Jackson. Riordan ha recibido diversos galardones —como un Premio Edgar— por sus relatos de misterio y ha publicado en revistas como Ellery Quin.

En 2006 publicó la primera entrega de la serie de Percy Jackson, Percy Jackson y el ladrón del rayo. Con ella da comiendo una serie de fantasía juvenil que ha logrado varias adaptaciones al cine, creando un universo que ha explorado con otras series sobre la mitología griega. Además, Riordan también ha escrito sobre otras tradiciones, como la egipcia o la nórdica."
196|xtawie|Tamara Molina|tamaramolina@readtoowell.com|$2a$10$g5J5E70mDWiuWmvqSdubZOu75QoI55fcB0s9k49.DctjFynEmGGUa|1|https://res.cloudinary.com/dfrgrfw4c/image/upload/v1747143464/readtoowell/profilepics/tamara_ujah7d.jpg|Tamara Molina Querol nació en Barcelona y ha vivido toda su vida entre páginas. Su desenfrenada imaginación y creatividad la han empujado a compartir su pasión por la lectura y la escritura. Escritora, creadora de contenido en redes sociales y amante del sushi, Tamara sueña con llenar librerías con sus historias. Donde no puedas encontrarme, su primera novela, es un mensaje de amor y esperanza para todas aquellas personas que conozcan el dolor de un corazón roto.
4|meryonedi|mery|marialopez@readtoowell.com|$2a$10$bPlIZOSckQOAC33pWnfMbupjXuKiprxZWtWKq2e3SbjGHrGzQ6Ld2|0|https://res.cloudinary.com/dfrgrfw4c/image/upload/v1741801664/readtoowell/profilepics/4.jpg|me gusta snoopito!!
178|alfonsocasas|Alfonso Casas|casasalf@readtoowell.com|$2a$10$n57PiqDirQhC/TMz2v1f8uIdYKWPKG5Yq3xWooJzfFVv/0LcC3GOO|1|https://res.cloudinary.com/dfrgrfw4c/image/upload/v1746988096/readtoowell/profilepics/alfonso-casas_ulvdpb.jpg|Alfonso Casas Moreno es un ilustrador e historietista español nacido en Zaragoza en 1981. Tras estudiar magisterio y bellas artes, desarrolla su actividad profesional como ilustrador en Barcelona. Su estilo se caracteriza por el uso de la ironía, el trazo grueso y una reducida gama de colores. Entre sus libros pueden citarse Se(nti)mental (2015), que ha sido definido como un libro interactivo que contiene una recopilación de ilustraciones sobre desamor;​ Freddie Mercury, una biografía (2018) y Amores: Algunas cosas que aprendí y otras que me costó olvidar (2019), un libro con algunas ilustraciones completas y otras en forma de cómic en el que comparte experiencias sobre amores y desamores. Entre sus cómics se encuentra Amores minúsculos (2012), que ha sido llevado al teatro. Otro de ellos es El final de todos los agostos (2017), que ha sido traducido al francés, en el que el protagonista de la historia regresa al lugar donde muchos años atrás había pasado sus vacaciones para realizar un proyecto fotográfico. Posteriormente publicó Monstruosamente (2020), un cómic en blanco y negro sobre los miedos que asaltan a las personas en su día a día. Tras su éxito edita Las Orejas al Lobo (2022) y Todas las personas que fui (2023) que continúan la historia de los monstruos internos con los que lidiamos.
186|rothfuss|Patrick Rothfuss|patrothfuss@readtoowell.com|$2a$10$5KsZ2IxTyFLSYkENNQ0mZeSuYmi2Zr.E0dXDfxzZDQeGqLXFzd1Da|1|https://res.cloudinary.com/dfrgrfw4c/image/upload/v1746989325/readtoowell/profilepics/patrick-rothfuss_awvrl3.jpg|"Escritor americano, Patrick Rothfuss estudió en la Universidad de Wisconsin-Stevens Points mientras trabajaba en los más variados oficios. Tras graduarse y completar sus estudios en la Universidad de Washington, volvió a Stevens Points para impartir clases.

En lo literario, Rothfuss inició la escritura de su serie más famosa, Crónica del asesino de reyes, durante sus primeros estudios universitarios. La primera novela fue rechazada en varias ocasiones hasta que El nombre del viento llegó a ser publicado en 2007, año en el que se llevó el Premio Quill. Rothfuss alcanzó los primeros puestos en ventas del New York Times y el Times, convirtiéndose en uno de los autores de literatura fantástica más conocidos de la actualidad.

Hasta el momento, Rothfuss ha publicado dos de los tres tomos de su serie, siendo El temor de un hombre sabio la continuación de El nombre del viento. Además, Rothfuss es conocido por su labor dentro de la cooperación y solidaridad a través del proyecto Worldbuilders."
185|juliaquinn|Julia Quinn|quinnjulia@readtoowell.com|$2a$10$lgzSBEnMIc7dszjPLj.lpOlBJZ0n76EoaOhM1VuybmewNgcGYAICS|1|https://res.cloudinary.com/dfrgrfw4c/image/upload/v1746989244/readtoowell/profilepics/julia-quinn_j3pwfz.jpg|"Julia Quinn es el seudónimo más utilizado por la escritora americana Julie Cutler,la cual se graduó en Historia del Arte en la Universidad de Harvard, iniciando estudios de Medicina en la de Yale, que no concluyó por el inesperado éxito de sus novelas.

Quinn ha sido traducida a más de 25 idiomas y es una habitual de las listas de los más vendidos del New York Times. A lo largo de su carrera ha recibido numerosos premios y galardones, de entre los que habría que destacar varios Premios Rita.

Quinn es autora de novelas de tipo feminista dentro del género histórico romántico, donde es considerada como una maestra de los diálogos."
179|sallyrooney|Sally Rooney|rooney@readtoowell.com|$2a$10$MzDR2WsFaprBYFGY/JpXLuzYvLrePP4U/Pt8tYDqdgZ72lrFqVB2S|1|https://res.cloudinary.com/dfrgrfw4c/image/upload/v1746988297/readtoowell/profilepics/sally-rooney_pwomau.jpg|"Nacida en Castlebar el 20 de febrero de 1991, Sally Rooney es una autora irlandesa que estudió Inglés en el Trinity College de Dublín y posee un máster en Literatura Norteamericana. En sus años como estudiante ganó ligas de debate y oratoria a nivel europeo.

Ha publicado textos en Granta, The Dublin Review, Winter Pages, The New Yorker y The Stinging Fly, medio en el que trabaja como editora desde 2017.

Por su primera novela, Conversaciones entre amigos, ganó el premio Escritora Joven del Año 2017 del Sunday Times. Después de esta vio la luz Gente normal, una historia que se adaptó a televisión y con la que Rooney cosechó gran éxito, ganando premios como el Costa Novel Award y el Irish Novel of the Year, además de quedar finalista del Man Booker Prize o el Women's Prize for Fiction."
180|polguasch|Pol Guasch|pol@readtoowell.com|$2a$10$gyGFomUw8/ktCJ3RwaVvh.WzVifE0dr8k.dUbI78aBVoF4.qUoRcq|1|https://res.cloudinary.com/dfrgrfw4c/image/upload/v1746988442/readtoowell/profilepics/Pol-Guasch_tly4kb.jpg|Es poeta e investigador. Se graduó en Estudios Literarios y ha cursado un máster en Construcción y Representación de Identidades Culturales en la Universidad de Barcelona, donde ha sido profesor asociado de Literatura y Crítica de la Cultura. En el Programa de Estudios Independientes del MACBA desarrolló una investigación sobre amor, revolución y poesía, que actualmente sigue en curso en el King’s College de Londres, donde reside. Es autor del libro de poesía Tanta gana (2018).
193|ocean_vuong|Ocean Vuong|vuongocean@readtoowell.com|$2a$10$NGcCNTaNN5lMYrkdJJ6laOXLtmeQrNtwkYbKFtNeyCoxVPI8wo27W|1|https://res.cloudinary.com/dfrgrfw4c/image/upload/v1747143024/readtoowell/profilepics/ocean-vuong_w79eq2.png|"Nacido en Ho Chi Minh, Vietnam, Ocean Vuong pasó un año en un campo de refugiados en Filipinas junto a su familia y, en 1990 con tan solo dos años, emigró con ellos a Estados Unidos tras conseguir asilo. Vuong fue el primero de su familia en aprender a leer cuando cumplió los once.

El autor estudió Literatura Inglesa del siglo XIX en el Brooklyn College y también Poesía en la Universidad de Nueva York. Sus poemas y composiciones se han publicado en numerosos medios, entre ellos The New Yorker y The New York Times. Reside en Northampton, Massachusetts y es profesor en el Amherst College de la misma ciudad.

Su primera novela, En la tierra somos fugazmente grandiosos, está inspirada en las propias vivencias del autor."
176|lididelavilla|lididelavilla|lidiadelavilla@readtoowell.com|$2a$10$Bs.oZTwo3Ww3u7jbCkFrZekLY4TDPC8JgkxtRa1JnpxOZleBZpeuK|0|https://res.cloudinary.com/dfrgrfw4c/image/upload/v1746906542/readtoowell/profilepics/d019b80db98e921b5b3c567d0b1967dd_qh4wx2.jpg|mami de maria
188|StephenKing|Stephen King|stephenking@readtoowell.com|$2a$10$u5hJ8dsKVnt3d8S6vc0b4etoRVvCqCt.mBdY5mm8g/8CDzORpoeZu|1|https://res.cloudinary.com/dfrgrfw4c/image/upload/v1747142003/readtoowell/profilepics/stephen-king_dkwqoc.jpg|"Escritor estadounidense de novelas de terror, Stephen King, cuyo pseudónimo es el de Richard Bachman, nació el 21 de septiembre de 1947 en Portland.
Su primera novela fue Carrie en 1974, una historia sobre una joven con poderes psíquicos. En un principio, el autor desechó la historia, pero gracias a su esposa la reanudó y publicó, llegando a ser una de sus grandes obras de éxito que sería posteriormente llevada a la gran pantalla. A partir de entonces vieron la luz más obras como El misterio de Salem's Lot (1975), El resplandor (1977), La zona muerta (1979), Cujo (1981), Cementerio de animales (1983), It (1986), Misery (1987), La cúpula (2009), Doctor Sueño (2013) o Revival (2013), varias de ellas llevadas también al cine."
177|irenesola|Irene Solà|irenesola@readtoowell.com|$2a$10$CRHUuMsd2jWYFzlko8Tk0OfmnPiDen0UPw801PvbP32XmyBS6aGRS|1|https://res.cloudinary.com/dfrgrfw4c/image/upload/v1746987789/readtoowell/profilepics/irene-sola_xg9o7g.png|"Irene Solà nació en el pueblo de Malla, España, en 1990. Es licenciada en Bellas Artes por la Universidad de Barcelona, y obtuvo un Máster en Literatura, Cine y Cultura Audiovisual en la Universidad de Sussex. Sus textos y obras han sido expuestos y leídos en la Whitechapel Gallery y el Jerwood Arts Centre (Londres), en el Bòlit de Girona, en el MAC de Mataró, en ACVIC, en la Galería JosédelaFuente (Santander), en el Festival Internacional de Poesia de Sant Cugat, en la Festa de la Poesia de Sitges i en el Festival Poesia i +. Colabora regularmente en el digital de cultura La Llança.
Su poemario Bèstia, publicado en 2012, recibió el Premio de Poesía Amadeu Oller, y ha sido traducido al inglés en 2017. Su primera novela, Els dics (2018), ganó el Premio Documenta 2017, y la segunda, Canto jo y la muntanya balla (2019), recibió el Premio Libros Anagrama 2018."
182|adam_silvera|Adam Silvera|silveraadam@readtoowell.com|$2a$10$qZ9slZvPPBoOkZSeCo7dV.UEqPtvsxXnAbN2vwS6ES5XzoddfYKHi|1|https://res.cloudinary.com/dfrgrfw4c/image/upload/v1746988755/readtoowell/profilepics/adam-silvera_qqurfx.png|"Autor de ficción juvenil, Adam Silvera nació en Nueva York el 7 de junio de 1990. Empezó a escribir fanfiction cuando tenía tan solo 10 años.

A lo largo de su carrera Silvera ha trabajado en la industria editorial como librero, como auxiliar de marketing en una empresa de promoción literaria y como crítico de novelas tanto infantiles como juveniles.

Su primera novela, Recuerda aquella vez, cosechó muy buenas críticas y consiguió numerosas menciones en prestigiosas publicaciones. Desde entonces ha publicado otros libros como El hijo infinito, Solo quedó nuestra historia, Al final mueren los dos o ¿Y si fuéramos nosotros? escrito junto a Becky Albertalli."
189|tjKlune_|T. J. Klune|klune@readtoowell.com|$2a$10$PV8kSG5pRqfIVi3cHMsh5.oTmCviXfapFOof7rw6gtV711ZHLB6lO|1|https://res.cloudinary.com/dfrgrfw4c/image/upload/v1747142620/readtoowell/profilepics/tj-klune_hqdq2f.jpg|"Escritor americano, TJ Klune, de nombre completo Travis John Klune, nació en Roseburg, Oregón, el 20 de mayo de 1982. Se le conoce en el ámbito literario por sus novelas juveniles con representación LGTBIQ+. Ha sido su propia pertenencia al colectivo como persona asexual lo que ha propiciado que en sus libros se traten dichas temáticas.
A lo largo de su trayectoria ha combinado su trabajo como perito de seguros con su pasión por la literatura. Comenzó a escribir con tan solo 8 años, siendo sus poemas y relatos los primeros textos de Klune en publicarse.
De entre la producción literaria de Klune destacan títulos como Dos hombres y un niño, La casa en el mar más azul y la serie Green Creek, compuesta por novelas como La canción del lobo y La canción del cuervo."
2|hectorlf|Héctor:)|hector@readtoowell.com|$2a$10$bPlIZOSckQOAC33pWnfMbupjXuKiprxZWtWKq2e3SbjGHrGzQ6Ld2|0|https://res.cloudinary.com/dfrgrfw4c/image/upload/v1745683061/readtoowell/profilepics/73f45e1f89af74229228dbc4abce482a_b35khy.jpg|I hate it here, so take me to the lakes Take me to the lakes Where all of the poets went to die, I don't belong My beloved neither to you
6|soniia01|Sonia|sonia@readtoowell.com|$2a$10$bPlIZOSckQOAC33pWnfMbupjXuKiprxZWtWKq2e3SbjGHrGzQ6Ld2|0|https://res.cloudinary.com/dfrgrfw4c/image/upload/v1741801664/readtoowell/profilepics/6.jpg|
20|millermadeline|Madeline Miller|madelinem@readtoowell.com|$2a$10$bPlIZOSckQOAC33pWnfMbupjXuKiprxZWtWKq2e3SbjGHrGzQ6Ld2|1|https://res.cloudinary.com/dfrgrfw4c/image/upload/v1741801664/readtoowell/profilepics/20.jpg|Madeline Miller es una novelista estadounidense licenciada en Filología Clásica por la Universidad de Brown y en Dramaturgia por la Escuela de Arte Dramático de Yale. Además de a la escritura se dedica a impartir clases de Latín, Griego y la obra de Shakespeare a estudiantes de bachillerato. Debutó en el panorama literario con La canción de Aquiles, libro que escribió a lo largo de diez años y que narra la historia de amor entre las figuras mitológicas de Aquiles y Patroclo. Con esta obra fue galardonada con el Premio Orange de Ficción, que convirtió a Miller en la cuarta escritora novel en ganar este galardón.
21|alicoptero|Ali|aliciafp@readtoowell.com|$2a$10$bPlIZOSckQOAC33pWnfMbupjXuKiprxZWtWKq2e3SbjGHrGzQ6Ld2|0|https://res.cloudinary.com/dfrgrfw4c/image/upload/v1741801664/readtoowell/profilepics/21.jpg|
22|taylorswift13|Taylor Swift|tayloraswift@readtoowell.com|$2a$10$bPlIZOSckQOAC33pWnfMbupjXuKiprxZWtWKq2e3SbjGHrGzQ6Ld2|0|https://res.cloudinary.com/dfrgrfw4c/image/upload/v1741801664/readtoowell/profilepics/22.jpg|
24|erikalab|Eri|erika@readtoowell.com|$2a$10$bPlIZOSckQOAC33pWnfMbupjXuKiprxZWtWKq2e3SbjGHrGzQ6Ld2|0|https://res.cloudinary.com/dfrgrfw4c/image/upload/v1741801664/readtoowell/profilepics/24.jpg|
23|penpaul|Paul Pen|penpaul@readtoowell.com|$2a$10$bPlIZOSckQOAC33pWnfMbupjXuKiprxZWtWKq2e3SbjGHrGzQ6Ld2|1|https://res.cloudinary.com/dfrgrfw4c/image/upload/v1741801664/readtoowell/profilepics/23.jpg|Escritor español nacido en Madrid en 1979, Paul Pen ganó el premio Nuevo Talento Fnac en 2011 con su primera novela, El aviso. Es licenciado en Comunicación Audiovisual y ha trabajado en prensa y televisión para medios como Zero, FHM o Telecinco. Tras su primer libro salió a la luz un recopilatorio con los relatos cortos que había escrito hasta ese momento, Otel y La sangre del muerto. El primero, un viaje en coche que acaba en un motel de carretera cuando azota la tormenta y el segundo, una noche de desfase que termina con los implicados declarando en comisaría.
181|joeldicker|Joël Dicker|joeldicker@readtoowell.com|$2a$10$QMoZywDclqO7VAxuF8H9qOJN4ChBDmetUKEDyydcgQG1VLYMYaz1O|1|https://res.cloudinary.com/dfrgrfw4c/image/upload/v1746988611/readtoowell/profilepics/joel-dicker_fnj1vd.jpg|"Escritor suizo, Joël Dicker estudió Drama en París, pero volvió a Suiza donde estudió Derecho en la Universidad de Ginebra. Dicker ha desarrollado su carrera en lengua francesa, siendo ganador de premios como el Goncourt des Lycéens, el Lire o el Grand Prix de la Academia Francesa. 

Dicker se dio a conocer al ganar el Prix des Ecrivains Genevois, un premio destinado a destacar manuscritos sin publicar. Tras este éxito, su primera novela, Los últimos días de nuestros padres, fue publicada en Francia. Pocos meses después se publicó también La verdad sobre el caso Harry Quebert, que se convirtió en todo un fenómeno de ventas a nivel internacional. 

Su obra ha sido traducida a más de treinta idiomas y, con La verdad sobre el caso Harry Quebert, inició su andadura en el mercado en castellano. Desde entonces ha publicado El libro de los Baltimore, El tigre y La desaparición de Stephanie Mailer, entre otros."
190|yanagihara|Hanya Yanagihara|yanagihara@readtoowell.com|$2a$10$5f3hS0/GB38SqAn2Kj0BkOUPUvZ/tQJsBxg54amE6KFCRBA3yYP9S|1|https://res.cloudinary.com/dfrgrfw4c/image/upload/v1747142661/readtoowell/profilepics/hanya-yanagihara_nmf3ge.jpg|"Editora, novelista y autora de libros de viajes, Hanya Yanagihara nació en Los Ángeles el 20 de septiembre de 1974 y vivió durante su infancia en Hawái, Nueva York, Maryland, California o Texas, entre otros lugares.

Yanagihara se graduó en el Smith College en 1995, trasladándose después a Nueva York para trabajar en el ámbito de la publicidad. En 2017 la nombraron directora de la revista T, el suplemento de moda de The New York Times.

Su carrera literaria despegó en 2015 con la publicación de Tan poca vida, novela con la que dio el salto a la fama a nivel internacional. Su producción literaria también cuenta con otros títulos como La gente en los árboles o Al paraíso."
200|usuarioPruebas|Usuario13|pruebasintegracion@email.com|$2a$10$AHKjjrj.6UZi8S36er9F7u9c/Zah8VywH6Nafw2Wjr2HTyEYEVycS|0|https://res.cloudinary.com/dfrgrfw4c/image/upload/v1741801696/readtoowell/profilepics/pfp.jpg|
194|wonpyungsohn|Sohn Won-Pyung|wonpyungsohn@readtoowell.com|$2a$10$MdIpJ1baVWoaBDxz5CqIXeGXUT6b8F4qQkZanrY6kXa6Fey/ZlWS6|1|https://res.cloudinary.com/dfrgrfw4c/image/upload/v1747143129/readtoowell/profilepics/Sohn_Won_pyung_s5s3rs.jpg|"Guionista, directora de cine y novelista, Won-Pyung Sohn nació en Corea del Sur en 1979. Estudió Ciencias Sociales y Filosofía en la Universidad Sogang y Dirección de Cine en la Korean Academy of Film Arts. Por su faceta cinematográfica ha ganado numerosos premios, entre los que se incluyen el Film Review Award y el Science Fantasy Writers’ Award.

A pesar de que sus creaciones suelen bailar entre la fantasía y la realidad, para su debut literario, Almendra, la autora se ciñó a relatar una enfermedad, dejando toda ficción de lado, y consiguiendo con ello un gran éxito. Por él resultó ganadora del Changbi Prize for Young Adult Fiction."
195|jota_studio|Jorge García|jorgegarcia@readtoowell.com|$2a$10$f1yAfCom8jbLIFCzsY8UZeAdrn2S5sNUw5n.wHfeYxjIBfeOlN8fa|1|https://res.cloudinary.com/dfrgrfw4c/image/upload/v1747143247/readtoowell/profilepics/jorge_cqjvly.jpg|Jorge García Ruiz (@Jota_Studio) nació en Alcalá de Henares el 28 de julio de 1997. Vivió durante su infancia y adolescencia en un pequeño pueblo de Guadalajara, Castilla La-Mancha, donde desarrolló su afán por contar historias, independientemente del medio o la forma. Graduado en Marketing Digital, Jota es creador de contenido y dibuja y publica vídeos en YouTube, Instagram y Tik Tok. También colabora en proyectos editoriales: ha ilustrado El Chico de las Estrellas (Destino, 2022), título del que también realizó la portada en su edición original de 2015, y es el autor de las portadas de Aquí Dentro Siempre Llueve (Destino, 2017) y Alma de Cazadora (Crossbooks, 2023) entre otras. Además, ha participado en el arte para videoclips de artistas como David Rees o Rayden. Yo a ti tampoco, su primera obra literaria publicada, mezcla narrativa escrita y gráfica para explicar una historia que parte de su experiencia vital y que inició y compartió en redes como Proyecto Sangre y Flores.
191|aramburu|Fernando Aramburu|aramburu@readtoowell.com|$2a$10$1xIG.hAH5Q3hOsX5nO5vLOfho3H/dTZtUoBFGMWsaCnyoc6oe4A0a|1|https://res.cloudinary.com/dfrgrfw4c/image/upload/v1747142737/readtoowell/profilepics/fernando-aramburu_z1dz4t.jpg|"Fernando Aramburu Irigoyen. (San Sebastián, 1959).  Escritor, ensayista y poeta, es licenciado en Filología Hispánica por la Universidad de Zaragoza (1982). En sus primeros trabajos impulsó la cultura desde revistas literarias hasta que en 1985 se trasladó a Lippstadt (Alemania) para enseñar español a hijos de inmigrantes. En 2009 abandona la docencia y decide dedicarse exclusivamente a la literatura. Actualmente reside en Hannover y es colaborador habitual en diarios y revistas.

Su primera novela con la que se dio a conocer Fuegos con limón fue galardonada en 1997 con el Premio Ramón Gómez de la Serna. En cuanto a sus libros de poesía, Ave sombra/Itzal hegazti (1981) y Bruma y conciencia/Lambroa eta kontzientzia (1977-1990) (1993) han sido publicados tanto en español como en euskera."
183|sanderson|Brandon Sanderson|brandons@readtoowell.com|$2a$10$poEufYMqDBwJkLoFwU.uGe4bQsMDr/syM8FemoKE0Z2UWrrWg37fe|1|https://res.cloudinary.com/dfrgrfw4c/image/upload/v1746988889/readtoowell/profilepics/brandon-sanderson_zxoilx.jpg|Brandon Sanderson (Nebraska, 1975) es el gran autor de fantasía del siglo XXI. Tras debutar en 2006 con su novela Elantris, ha deslumbrado a más de treinta y cinco millones de lectores en casi cuarenta lenguas con el Cosmere, el fascinante universo de magia que comparten la mayoría de sus obras. Sus best sellers son considerados clásicos instantáneos, como la saga Mistborn, la decalogía El Archivo de las Tormentas, la saga Escuadrón y las cuatro novelas secretas con las que, en 2021, protagonizó la mayor campaña de financiación de Kickstarter. Con un plan de publicación de más de veinte futuras obras (que contempla la interconexión de todas ellas), el Cosmere se convertirá en el universo más extenso e impresionante jamás escrito en el ámbito de la fantasía épica. Sanderson vive en Utah con su esposa e hijos y enseña escritura creativa en la Universidad Brigham Young. Curso de escritura creativa es el libro que recoge sus valiosos consejos.
184|dolores_redondo|Dolores Redondo|doloresred@readtoowell.com|$2a$10$qehQaeBoH495xS9KQOFCoOl1J4EzR1qmEufqxJhbDf.y2ESDjQstm|1|https://res.cloudinary.com/dfrgrfw4c/image/upload/v1746989131/readtoowell/profilepics/dolores-redondo_vlozqs.jpg|"Dolores Redondo (Donostia-San Sebastián, 1969) es la autora de la «Trilogía del Baztán», el fenómeno literario en castellano más importante de los últimos años, que inauguró un género propio, el mystic noir: El guardián invisible, Legado en los huesos y Ofrenda a la tormenta; adaptadas al cine con gran éxito entre 2017 y 2020, y actualmente disponibles en Netflix a nivel internacional.

A la trilogía le siguió Todo esto te daré (2016), uno de los premios Planeta más vendidos de la historia del premio, y adaptado como serie de la televisión pública francesa en 2024 con gran acogida. La novela también recibió el prestigioso premio Bancarella en Italia. En 2019 regresó al universo del Baztán con La cara norte del corazón, que está en desarrollo como serie televisiva en Hollywood: un hito de la ficción española contemporánea. En 2021 se editorial reeditó Los privilegios del ángel, su primera novela. Con Esperando al diluvio (2022) entusiasmó de nuevo a lectores y crítica, además de motivar una nueva adaptación audiovisual.

En 2024, publica Las que no duermen NASH, el segundo volumen de Los Valles Tranquilos, cuarteto que inauguró Esperando al diluvio y a la que seguirán dos novelas más. Hoy son ya 38 los idiomas a los que se han traducido sus obras, que cuentan con millones de lectores en todo el mundo."
192|marco_amerighi|Marco Amerighi|amerighi@readtoowell.com|$2a$10$06zVSXcRHK.wtwXtQefAt.SA.l/LEFqTO0v6gHCDPg/gmMk6IxWPK|1|https://res.cloudinary.com/dfrgrfw4c/image/upload/v1747142874/readtoowell/profilepics/marco-amerighi_qw0hb0.jpg|Marco Amerighi vive en Milán, donde trabaja como traductor, editor y escritor fantasma para varias editoriales. Su primera novela, Le nostre ore contate (Mondadori, 2018), ganó el premio Bagutta Opera Prima y fue publicada en Francia. Errantes es su segunda novela.
48|bookalchemy|Adrián López|adrian.lopez@readtoowell.com|$2a$10$bPlIZOSckQOAC33pWnfMbupjXuKiprxZWtWKq2e3SbjGHrGzQ6Ld2|0||Creo que los libros tienen magia. Siempre en busca de la próxima gran lectura.
163|fabulainfinita|Adrián Martínez|adrian.martinez@readtoowell.com|$2a$10$bPlIZOSckQOAC33pWnfMbupjXuKiprxZWtWKq2e3SbjGHrGzQ6Ld2|0||Cada libro es una nueva puerta a otro mundo. 🚪
118|bookvoyager|Adrián Medina|adrian.medina@readtoowell.com|$2a$10$bPlIZOSckQOAC33pWnfMbupjXuKiprxZWtWKq2e3SbjGHrGzQ6Ld2|0||Viajo sin moverme gracias a los libros. ✈️
95|wordcollector|Alejandra Torres|alejandra.torres@readtoowell.com|$2a$10$bPlIZOSckQOAC33pWnfMbupjXuKiprxZWtWKq2e3SbjGHrGzQ6Ld2|0||Guardo citas literarias como pequeños tesoros.
143|pagekeeper|Alejandro Cruz|alejandro.cruz@readtoowell.com|$2a$10$bPlIZOSckQOAC33pWnfMbupjXuKiprxZWtWKq2e3SbjGHrGzQ6Ld2|0||Guardo mis libros como si fueran tesoros.
72|prosecollector|Alejandro Díaz|alejandro.diaz@readtoowell.com|$2a$10$bPlIZOSckQOAC33pWnfMbupjXuKiprxZWtWKq2e3SbjGHrGzQ6Ld2|0||Leo para descubrir nuevas formas de ver el mundo.
124|novelwhisperer|Alejandro Ortiz|alejandro.ortiz@readtoowell.com|$2a$10$bPlIZOSckQOAC33pWnfMbupjXuKiprxZWtWKq2e3SbjGHrGzQ6Ld2|0||Siempre tengo un libro bajo el brazo. 📘
38|plotcollector|Alejandro Ruiz|alejandro.ruiz@readtoowell.com|$2a$10$bPlIZOSckQOAC33pWnfMbupjXuKiprxZWtWKq2e3SbjGHrGzQ6Ld2|0||Colecciono tramas complejas y personajes inolvidables.
84|prosehunter|Álvaro Ruiz|alvaro.ruiz@readtoowell.com|$2a$10$bPlIZOSckQOAC33pWnfMbupjXuKiprxZWtWKq2e3SbjGHrGzQ6Ld2|0||Siempre en busca de libros que me hagan sentir algo nuevo.
107|wordcurator|Ana Beltrán|ana.beltran@readtoowell.com|$2a$10$bPlIZOSckQOAC33pWnfMbupjXuKiprxZWtWKq2e3SbjGHrGzQ6Ld2|0||Colecciono palabras como si fueran joyas. 💎
67|plotchaser|Ana Ramírez|ana.ramirez@readtoowell.com|$2a$10$bPlIZOSckQOAC33pWnfMbupjXuKiprxZWtWKq2e3SbjGHrGzQ6Ld2|0||No puedo dejar un libro hasta saber cómo termina.
146|palabraserrantes|Ana|ana.torre@readtoowell.com|$2a$10$bPlIZOSckQOAC33pWnfMbupjXuKiprxZWtWKq2e3SbjGHrGzQ6Ld2|0||Mis pensamientos viajan con las historias. ✨
57|bookwhisper|Andrea Serrano|andrea.serrano@readtoowell.com|$2a$10$bPlIZOSckQOAC33pWnfMbupjXuKiprxZWtWKq2e3SbjGHrGzQ6Ld2|0||Siempre recomiendo libros a mis amigos. ¡Me encanta descubrir nuevas historias!
136|storyglider|Andrea Vargas|andrea.vargas@readtoowell.com|$2a$10$bPlIZOSckQOAC33pWnfMbupjXuKiprxZWtWKq2e3SbjGHrGzQ6Ld2|0||Fluyo de libro en libro como si fueran olas. 🌊
86|chapteraddict|Andrés Castillo|andres.castillo@readtoowell.com|$2a$10$bPlIZOSckQOAC33pWnfMbupjXuKiprxZWtWKq2e3SbjGHrGzQ6Ld2|0||Un libro más, y prometo que me voy a dormir... 😅
153|libronauta|Andrés Castillo|andres@readtoowell.com|$2a$10$bPlIZOSckQOAC33pWnfMbupjXuKiprxZWtWKq2e3SbjGHrGzQ6Ld2|0||Explorando bibliotecas como si fueran galaxias. 🚀
114|bookwhisper|Andrés López|andres.lopez@readtoowell.com|$2a$10$bPlIZOSckQOAC33pWnfMbupjXuKiprxZWtWKq2e3SbjGHrGzQ6Ld2|0||Prefiero los libros a las películas, siempre. 🎬❌
28|inkanddreams|Andrés Torres|andres.torres@readtoowell.com|$2a$10$bPlIZOSckQOAC33pWnfMbupjXuKiprxZWtWKq2e3SbjGHrGzQ6Ld2|0||Escribo, leo y repito. Amante de los finales sorprendentes y las sagas largas. 
45|wordtraveler|Beatriz Morales|beatriz.morales@readtoowell.com|$2a$10$bPlIZOSckQOAC33pWnfMbupjXuKiprxZWtWKq2e3SbjGHrGzQ6Ld2|0||Me encanta perderme en historias de otros tiempos y lugares.
89|inkandpages|Beatriz Salazar|beatriz.salazar@readtoowell.com|$2a$10$bPlIZOSckQOAC33pWnfMbupjXuKiprxZWtWKq2e3SbjGHrGzQ6Ld2|0||Adicta a subrayar frases que me inspiran.
152|narrativamística|Camila Ortega|camila.ortega@readtoowell.com|$2a$10$bPlIZOSckQOAC33pWnfMbupjXuKiprxZWtWKq2e3SbjGHrGzQ6Ld2|0||Historias con un toque de magia y misterio. 🪄
111|storystargazer|Camila Paredes|camila.paredes@readtoowell.com|$2a$10$bPlIZOSckQOAC33pWnfMbupjXuKiprxZWtWKq2e3SbjGHrGzQ6Ld2|0||Amante de los finales felices y los dramas épicos.
33|poetrysoul|Camila Ríos|camila.rios@readtoowell.com|$2a$10$bPlIZOSckQOAC33pWnfMbupjXuKiprxZWtWKq2e3SbjGHrGzQ6Ld2|0||Apasionada de la poesía y los relatos cortos. Las palabras tienen poder. ✨
77|libraryvoyager|Camila Rivas|camila.rivas@readtoowell.com|$2a$10$bPlIZOSckQOAC33pWnfMbupjXuKiprxZWtWKq2e3SbjGHrGzQ6Ld2|0||Viajo a través de las palabras y nunca me canso de explorar.
27|pageturner9|Carla Gómez|carla.gomez@readtoowell.com|$2a$10$bPlIZOSckQOAC33pWnfMbupjXuKiprxZWtWKq2e3SbjGHrGzQ6Ld2|0||Devoro novelas en un par de días. Siempre con un libro en la mochila. 
91|bookalchemist|Carla Pérez|carla.perez@readtoowell.com|$2a$10$bPlIZOSckQOAC33pWnfMbupjXuKiprxZWtWKq2e3SbjGHrGzQ6Ld2|0||Transformo palabras en emociones.
145|lectoraventurero|Carlos Medina|carlos.medina@readtoowell.com|$2a$10$bPlIZOSckQOAC33pWnfMbupjXuKiprxZWtWKq2e3SbjGHrGzQ6Ld2|0||Buscando mundos nuevos en cada página. 🌍
68|worddreamer|Carlos Vega|carlos.vega@readtoowell.com|$2a$10$bPlIZOSckQOAC33pWnfMbupjXuKiprxZWtWKq2e3SbjGHrGzQ6Ld2|0||Me pierdo en las historias de fantasía épica.
140|bookriddle|Carmen Navarro|carmen.navarro@readtoowell.com|$2a$10$bPlIZOSckQOAC33pWnfMbupjXuKiprxZWtWKq2e3SbjGHrGzQ6Ld2|0||Me atrapan los libros que me hacen pensar.
103|novelroamer|Carolina López|carolina.lopez@readtoowell.com|$2a$10$bPlIZOSckQOAC33pWnfMbupjXuKiprxZWtWKq2e3SbjGHrGzQ6Ld2|0||A veces leo la última página primero... shh. 🤫
119|wordarchitect|Carolina Núñez|carolina.nunez@readtoowell.com|$2a$10$bPlIZOSckQOAC33pWnfMbupjXuKiprxZWtWKq2e3SbjGHrGzQ6Ld2|0||Admiro las frases bien construidas.
53|bookheaven|Carolina Peña|carolina.pena@readtoowell.com|$2a$10$bPlIZOSckQOAC33pWnfMbupjXuKiprxZWtWKq2e3SbjGHrGzQ6Ld2|0||Encuentro paz entre estanterías llenas de libros.
160|lectornocturno|Carolina Reyes|carolina.reyes@readtoowell.com|$2a$10$bPlIZOSckQOAC33pWnfMbupjXuKiprxZWtWKq2e3SbjGHrGzQ6Ld2|0||Leo hasta que se me cierran los ojos. 🌙
125|bookwitch|Clara Mendoza|clara.mendoza@readtoowell.com|$2a$10$bPlIZOSckQOAC33pWnfMbupjXuKiprxZWtWKq2e3SbjGHrGzQ6Ld2|0||Transformo las palabras en emociones.
83|bookcollector|Clara Navarro|clara.navarro@readtoowell.com|$2a$10$bPlIZOSckQOAC33pWnfMbupjXuKiprxZWtWKq2e3SbjGHrGzQ6Ld2|0||Colecciono historias como si fueran tesoros.
63|paperwanderer|Claudia Jiménez|claudia.jimenez@readtoowell.com|$2a$10$bPlIZOSckQOAC33pWnfMbupjXuKiprxZWtWKq2e3SbjGHrGzQ6Ld2|0||Exploro géneros diferentes con cada lectura.
43|endlesspages|Claudia Romero|claudia.romero@readtoowell.com|$2a$10$bPlIZOSckQOAC33pWnfMbupjXuKiprxZWtWKq2e3SbjGHrGzQ6Ld2|0||Podría pasar horas en una librería. Siempre busco nuevos autores por descubrir.
157|versoviajero|Daniel Lozano|daniel.lozano@readtoowell.com|$2a$10$bPlIZOSckQOAC33pWnfMbupjXuKiprxZWtWKq2e3SbjGHrGzQ6Ld2|0||Viajando a través de poemas y relatos. 📖
44|mindonpaper|Daniel Paredes|daniel.paredes@readtoowell.com|$2a$10$bPlIZOSckQOAC33pWnfMbupjXuKiprxZWtWKq2e3SbjGHrGzQ6Ld2|0||Los libros son mi refugio. Leo de todo, desde novelas gráficas hasta ensayos.
70|bookcompass|Daniel Torres|daniel.torres@readtoowell.com|$2a$10$bPlIZOSckQOAC33pWnfMbupjXuKiprxZWtWKq2e3SbjGHrGzQ6Ld2|0||Navego entre páginas en busca de inspiración.
108|chapterwhisper|Daniel Vargas|daniel.vargas@readtoowell.com|$2a$10$bPlIZOSckQOAC33pWnfMbupjXuKiprxZWtWKq2e3SbjGHrGzQ6Ld2|0||Un capítulo más y cierro el libro... o no.
142|storyember|Daniela León|daniela.leon@readtoowell.com|$2a$10$bPlIZOSckQOAC33pWnfMbupjXuKiprxZWtWKq2e3SbjGHrGzQ6Ld2|0||Algunas historias me arden en el pecho. 🔥
151|buscahistorias|David Morales|david.morales@readtoowell.com|$2a$10$bPlIZOSckQOAC33pWnfMbupjXuKiprxZWtWKq2e3SbjGHrGzQ6Ld2|0||Siempre a la caza de relatos inolvidables. 🔍
64|plotcollector34|David Ramos|david.ramos@readtoowell.com|$2a$10$bPlIZOSckQOAC33pWnfMbupjXuKiprxZWtWKq2e3SbjGHrGzQ6Ld2|0||Fanático de los misterios y las historias de detectives.
93|pagechaser78|Diana Aguilar|diana.aguilar@readtoowell.com|$2a$10$bPlIZOSckQOAC33pWnfMbupjXuKiprxZWtWKq2e3SbjGHrGzQ6Ld2|0||No puedo resistirme a una portada bonita.
51|mystoryteller|Diana Guzmán|diana.guzman@readtoowell.com|$2a$10$bPlIZOSckQOAC33pWnfMbupjXuKiprxZWtWKq2e3SbjGHrGzQ6Ld2|0||Escribo pequeños cuentos y leo historias infinitas.
129|inkcompass|Diego Herrera|diego.herrera@readtoowell.com|$2a$10$bPlIZOSckQOAC33pWnfMbupjXuKiprxZWtWKq2e3SbjGHrGzQ6Ld2|0||Los libros son mi guía en esta vida caótica.
30|storyhunter|Diego Ramírez|diego.ramirez@readtoowell.com|$2a$10$bPlIZOSckQOAC33pWnfMbupjXuKiprxZWtWKq2e3SbjGHrGzQ6Ld2|0||Siempre en busca de la próxima historia que me quite el sueño. 
76|storystalker|Diego Sánchez|diego.sanchez@readtoowell.com|$2a$10$bPlIZOSckQOAC33pWnfMbupjXuKiprxZWtWKq2e3SbjGHrGzQ6Ld2|0||No hay mejor plan que una tarde de lectura infinita.
104|plotwanderer|Eduardo Ortega|eduardo.ortega@readtoowell.com|$2a$10$bPlIZOSckQOAC33pWnfMbupjXuKiprxZWtWKq2e3SbjGHrGzQ6Ld2|0||Adicto a las tramas complicadas y los giros inesperados.
113|pagehunter|Elena Castro|elena.castro@readtoowell.com|$2a$10$bPlIZOSckQOAC33pWnfMbupjXuKiprxZWtWKq2e3SbjGHrGzQ6Ld2|0||Los libros de terror son mi debilidad.
81|paperchaser|Elena Vargas|elena.vargas@readtoowell.com|$2a$10$bPlIZOSckQOAC33pWnfMbupjXuKiprxZWtWKq2e3SbjGHrGzQ6Ld2|0||Adoro las historias que te hacen reflexionar sobre la vida.
49|chapterseeker|Elisa Carrillo|elisa.carrillo@readtoowell.com|$2a$10$bPlIZOSckQOAC33pWnfMbupjXuKiprxZWtWKq2e3SbjGHrGzQ6Ld2|0||Leo despacio para saborear cada palabra. Los dramas me atrapan.
141|wordcanvas|Felipe Álvarez|felipe.alvarez@readtoowell.com|$2a$10$bPlIZOSckQOAC33pWnfMbupjXuKiprxZWtWKq2e3SbjGHrGzQ6Ld2|0||Pinto mundos en mi mente con cada palabra. 🎨
131|novelvoyager|Gabriel Reyes|gabriel.reinas@readtoowell.com|$2a$10$bPlIZOSckQOAC33pWnfMbupjXuKiprxZWtWKq2e3SbjGHrGzQ6Ld2|0||Viajo a través del tiempo con cada historia. ⏳
96|bookseeker|Gabriel Reyes|gabriel.reyes@readtoowell.com|$2a$10$bPlIZOSckQOAC33pWnfMbupjXuKiprxZWtWKq2e3SbjGHrGzQ6Ld2|0||Siempre en busca de la próxima gran lectura. 📖
46|inkcollector|Gabriel Suárez|gabriel.suarez@readtoowell.com|$2a$10$bPlIZOSckQOAC33pWnfMbupjXuKiprxZWtWKq2e3SbjGHrGzQ6Ld2|0||Siempre llevo un libro encima. Los thrillers psicológicos son mi debilidad.
164|lectoraeternidad|Gabriela Peña|gabriela.pena@readtoowell.com|$2a$10$bPlIZOSckQOAC33pWnfMbupjXuKiprxZWtWKq2e3SbjGHrGzQ6Ld2|0||Podría pasar la vida leyendo sin parar. ♾️
90|storywhisper|Hugo Moreno|hugo.moreno@readtoowell.com|$2a$10$bPlIZOSckQOAC33pWnfMbupjXuKiprxZWtWKq2e3SbjGHrGzQ6Ld2|0||Las historias de misterio son mi debilidad. 🔍
154|relatoromántico|Isabel Torres|isabel.torres@readtoowell.com|$2a$10$bPlIZOSckQOAC33pWnfMbupjXuKiprxZWtWKq2e3SbjGHrGzQ6Ld2|0||Amante de los finales felices y las lágrimas. 💘
97|paperdreamer|Isabel Vázquez|isabel.vazquez@readtoowell.com|$2a$10$bPlIZOSckQOAC33pWnfMbupjXuKiprxZWtWKq2e3SbjGHrGzQ6Ld2|0||Me pierdo en los libros de fantasía y magia. 🪄
88|plotdevourer|Iván Martínez|ivan.ivienen@readtoowell.com|$2a$10$bPlIZOSckQOAC33pWnfMbupjXuKiprxZWtWKq2e3SbjGHrGzQ6Ld2|0||Devoro tramas como si no hubiera un mañana. 📚
52|plotwhisperer|Iván Martínez|ivan.martinez@readtoowell.com|$2a$10$bPlIZOSckQOAC33pWnfMbupjXuKiprxZWtWKq2e3SbjGHrGzQ6Ld2|0||Me fascinan las historias con giros inesperados.
127|wordpirate|Iván Morales|ivan.morales@readtoowell.com|$2a$10$bPlIZOSckQOAC33pWnfMbupjXuKiprxZWtWKq2e3SbjGHrGzQ6Ld2|0||Robo historias para llenar mi mente de aventuras. 🏴‍☠️
147|libromanía|Javier Acosta|javier.acosta@readtoowell.com|$2a$10$bPlIZOSckQOAC33pWnfMbupjXuKiprxZWtWKq2e3SbjGHrGzQ6Ld2|0||Amante de los libros que no se pueden soltar. 📚
32|readandchill|Javier Morales|javier.morales@readtoowell.com|$2a$10$bPlIZOSckQOAC33pWnfMbupjXuKiprxZWtWKq2e3SbjGHrGzQ6Ld2|0||Prefiero una tarde de lectura a cualquier plan. Fan del realismo mágico. 
80|inkwanderer|Javier Muñoz|javier.munoz@readtoowell.com|$2a$10$bPlIZOSckQOAC33pWnfMbupjXuKiprxZWtWKq2e3SbjGHrGzQ6Ld2|0||Los libros de ciencia ficción me transportan a otro universo.
106|plotenthusiast|Javier Ramírez|javier.ramirez@readtoowell.com|$2a$10$bPlIZOSckQOAC33pWnfMbupjXuKiprxZWtWKq2e3SbjGHrGzQ6Ld2|0||Vivo para los cliffhangers.
58|endlesschapters|Jorge Medina|jorge.medina@readtoowell.com|$2a$10$bPlIZOSckQOAC33pWnfMbupjXuKiprxZWtWKq2e3SbjGHrGzQ6Ld2|0||Podría leer durante horas sin darme cuenta del tiempo.
74|paperwhisper|Juan Gutiérrez|juan.gutierrez@readtoowell.com|$2a$10$bPlIZOSckQOAC33pWnfMbupjXuKiprxZWtWKq2e3SbjGHrGzQ6Ld2|0||Amante de los clásicos y los libros que dejan huella.
139|chapterpulse|Juan Ramírez|juan.ramirez@readtoowell.com|$2a$10$bPlIZOSckQOAC33pWnfMbupjXuKiprxZWtWKq2e3SbjGHrGzQ6Ld2|0||Siento cada capítulo como un latido del alma.
134|wordmelody|Julia Cáceres|julia.caceres@readtoowell.com|$2a$10$bPlIZOSckQOAC33pWnfMbupjXuKiprxZWtWKq2e3SbjGHrGzQ6Ld2|0||Las palabras tienen música si sabes escucharlas. 🎵
47|pagesanddreams|Julia Castillo|julia.castillo@readtoowell.com|$2a$10$bPlIZOSckQOAC33pWnfMbupjXuKiprxZWtWKq2e3SbjGHrGzQ6Ld2|0||Amante de las historias que te hacen soñar despierto.
85|worldtraveler|Julia Medina|julia.medina@readtoowell.com|$2a$10$bPlIZOSckQOAC33pWnfMbupjXuKiprxZWtWKq2e3SbjGHrGzQ6Ld2|0||Viajo a través de las páginas sin salir de casa.
65|storywanderer|Laura Delgado|laura.delgado@readtoowell.com|$2a$10$bPlIZOSckQOAC33pWnfMbupjXuKiprxZWtWKq2e3SbjGHrGzQ6Ld2|0||Amante de las novelas románticas y los finales felices.
35|classicreader|Laura Fernández|laura.fernandez@readtoowell.com|$2a$10$bPlIZOSckQOAC33pWnfMbupjXuKiprxZWtWKq2e3SbjGHrGzQ6Ld2|0||Amante de los clásicos. Siempre vuelvo a Jane Austen o García Márquez.
148|cuentacapítulos|Laura Méndez|laura.mendez@readtoowell.com|$2a$10$bPlIZOSckQOAC33pWnfMbupjXuKiprxZWtWKq2e3SbjGHrGzQ6Ld2|0||Cuento capítulos como quien cuenta estrellas. 🌟
109|inkexplorer|Laura Molina|laura.molina@readtoowell.com|$2a$10$bPlIZOSckQOAC33pWnfMbupjXuKiprxZWtWKq2e3SbjGHrGzQ6Ld2|0||Los libros son mi brújula en la vida.
61|bookishmind|Lorena Paredes|lorena.paredes@readtoowell.com|$2a$10$bPlIZOSckQOAC33pWnfMbupjXuKiprxZWtWKq2e3SbjGHrGzQ6Ld2|0||Encuentro inspiración en cada libro que leo.
144|inkfable|Lorena Suárez|lorena.suarez@readtoowell.com|$2a$10$bPlIZOSckQOAC33pWnfMbupjXuKiprxZWtWKq2e3SbjGHrGzQ6Ld2|0||Vivo entre cuentos, leyendas y magia. ✨
26|wordsandmagic|Lucas Rivera|lucas.rivera@readtoowell.com|$2a$10$bPlIZOSckQOAC33pWnfMbupjXuKiprxZWtWKq2e3SbjGHrGzQ6Ld2|0||Fan de la fantasía y la ciencia ficción. Creo que los libros son portales a otros mundos. 
79|pagetrotter|Lucía Fernández|lucia.fernandez@readtoowell.com|$2a$10$bPlIZOSckQOAC33pWnfMbupjXuKiprxZWtWKq2e3SbjGHrGzQ6Ld2|0||Me encanta descubrir autores nuevos y poco conocidos.
41|chapterbychapter|Lucía Méndez|lucia.mendez@readtoowell.com|$2a$10$bPlIZOSckQOAC33pWnfMbupjXuKiprxZWtWKq2e3SbjGHrGzQ6Ld2|0||No puedo parar hasta terminar el capítulo... o el libro entero.
158|imaginahistorias|Lucía Navarro|lucia.navarro@readtoowell.com|$2a$10$bPlIZOSckQOAC33pWnfMbupjXuKiprxZWtWKq2e3SbjGHrGzQ6Ld2|0||Mi mente nunca deja de inventar finales. 🌀
115|chapterkeeper|Lucía Ríos|lucia.rios@readtoowell.com|$2a$10$bPlIZOSckQOAC33pWnfMbupjXuKiprxZWtWKq2e3SbjGHrGzQ6Ld2|0||Leo con música instrumental de fondo, siempre. 🎧
99|storystar|Lucía Serrano|lucia.serrano@readtoowell.com|$2a$10$bPlIZOSckQOAC33pWnfMbupjXuKiprxZWtWKq2e3SbjGHrGzQ6Ld2|0||Amante de los relatos cortos con mucho significado.
94|novelhunter|Luis Castro|luis.castro@readtoowell.com|$2a$10$bPlIZOSckQOAC33pWnfMbupjXuKiprxZWtWKq2e3SbjGHrGzQ6Ld2|0||Me encantan los finales inesperados. ✨
126|pagewanderer|Luis Castillo|luis.torre@readtoowell.com|$2a$10$bPlIZOSckQOAC33pWnfMbupjXuKiprxZWtWKq2e3SbjGHrGzQ6Ld2|0||Siempre buscando el próximo libro que me atrape. 📚
78|readerdreams|Manuel Ortega|manuel.ortega@readtoowell.com|$2a$10$bPlIZOSckQOAC33pWnfMbupjXuKiprxZWtWKq2e3SbjGHrGzQ6Ld2|0||Siempre tengo una lista interminable de libros por leer.
50|quillandpages|Marcos Herrera|marcos.herrera@readtoowell.com|$2a$10$bPlIZOSckQOAC33pWnfMbupjXuKiprxZWtWKq2e3SbjGHrGzQ6Ld2|0||Aficionado a las novelas históricas y los relatos épicos.
100|bookglider|Marcos Jiménez|marcos.jimenez@readtoowell.com|$2a$10$bPlIZOSckQOAC33pWnfMbupjXuKiprxZWtWKq2e3SbjGHrGzQ6Ld2|0||Siempre tengo un libro en la mochila, por si acaso.
31|chapterqueen|Mariana Pérez|mariana.perez@readtoowell.com|$2a$10$bPlIZOSckQOAC33pWnfMbupjXuKiprxZWtWKq2e3SbjGHrGzQ6Ld2|0||Coleccionista de marcapáginas y recuerdos literarios. 
130|chapterstorm|Marina López|marina.lopez@readtoowell.com|$2a$10$bPlIZOSckQOAC33pWnfMbupjXuKiprxZWtWKq2e3SbjGHrGzQ6Ld2|0||Leo rápido, pero recuerdo cada palabra.
137|inktraveler|Mario Gutiérrez|mario.gutierrez@readtoowell.com|$2a$10$bPlIZOSckQOAC33pWnfMbupjXuKiprxZWtWKq2e3SbjGHrGzQ6Ld2|0||Cada página es un nuevo destino por explorar.
92|prosewander|Mario Herrera|mario.herrera@readtoowell.com|$2a$10$bPlIZOSckQOAC33pWnfMbupjXuKiprxZWtWKq2e3SbjGHrGzQ6Ld2|0||Siempre buscando el próximo libro que me rompa el alma.
71|inkandadventure|Marta Herrera|marta.herrera@readtoowell.com|$2a$10$bPlIZOSckQOAC33pWnfMbupjXuKiprxZWtWKq2e3SbjGHrGzQ6Ld2|0||Las sagas largas son mi debilidad. ¡Nunca me canso!
150|entrehojas|Marta Ríos|marta.rios@readtoowell.com|$2a$10$bPlIZOSckQOAC33pWnfMbupjXuKiprxZWtWKq2e3SbjGHrGzQ6Ld2|0||Me pierdo entre las hojas de cada historia. 🍃
117|plotnavigator|Martina Salas|martina.salas@readtoowell.com|$2a$10$bPlIZOSckQOAC33pWnfMbupjXuKiprxZWtWKq2e3SbjGHrGzQ6Ld2|0||Los mapas de mundos ficticios son mi obsesión. 🗺️
34|fictionaddict|Mateo Herrera|mateo.herrera@readtoowell.com|$2a$10$bPlIZOSckQOAC33pWnfMbupjXuKiprxZWtWKq2e3SbjGHrGzQ6Ld2|0||No puedo resistirme a una buena saga. Mis favoritos: fantasía y misterio. 
60|pagehunter93|Miguel Álvarez|miguel.alvarez@readtoowell.com|$2a$10$bPlIZOSckQOAC33pWnfMbupjXuKiprxZWtWKq2e3SbjGHrGzQ6Ld2|0||Buscador de historias emocionantes y personajes inolvidables.
155|capituloinfinito|Miguel Herrera|miguel.herrera@readtoowell.com|$2a$10$bPlIZOSckQOAC33pWnfMbupjXuKiprxZWtWKq2e3SbjGHrGzQ6Ld2|0||Siempre hay otro capítulo esperándome.
112|wordwanderer|Miguel Torres|miguel.torres@readtoowell.com|$2a$10$bPlIZOSckQOAC33pWnfMbupjXuKiprxZWtWKq2e3SbjGHrGzQ6Ld2|0||Cada libro es una nueva aventura por descubrir. 🌍
123|pagealchemist|Natalia Jiménez|natalia.jimenez@readtoowell.com|$2a$10$bPlIZOSckQOAC33pWnfMbupjXuKiprxZWtWKq2e3SbjGHrGzQ6Ld2|0||Transformo páginas en emociones intensas.
59|inkysoul|Natalia Rojas|natalia.rojas@readtoowell.com|$2a$10$bPlIZOSckQOAC33pWnfMbupjXuKiprxZWtWKq2e3SbjGHrGzQ6Ld2|0||Adicta a la poesía y las novelas que tocan el alma.
37|paperandink|Natalia Sánchez|natalia.sanchez@readtoowell.com|$2a$10$bPlIZOSckQOAC33pWnfMbupjXuKiprxZWtWKq2e3SbjGHrGzQ6Ld2|0||Me gustan las historias que te dejan pensando durante días.
87|bookhaven|Natalia Rojas|natalia78@readtoowell.com|$2a$10$bPlIZOSckQOAC33pWnfMbupjXuKiprxZWtWKq2e3SbjGHrGzQ6Ld2|0||Encuentro paz en las bibliotecas y librerías.
135|pagewhisper|Nicolás Rojas|nicolas.rojas@readtoowell.com|$2a$10$bPlIZOSckQOAC33pWnfMbupjXuKiprxZWtWKq2e3SbjGHrGzQ6Ld2|0||Leo en silencio, pero mi mente grita emociones.
54|silentreader|Óscar Vargas|oscar.vargas@readtoowell.com|$2a$10$bPlIZOSckQOAC33pWnfMbupjXuKiprxZWtWKq2e3SbjGHrGzQ6Ld2|0||Leo en silencio, pero siempre tengo mucho que decir sobre los libros.
56|dreambound|Pablo Cifuentes|pablo.cifuentes@readtoowell.com|$2a$10$bPlIZOSckQOAC33pWnfMbupjXuKiprxZWtWKq2e3SbjGHrGzQ6Ld2|0||Me gustan los libros que te dejan pensando durante días.
116|inkdreamer|Pablo Fernández|pablo.fernandez@readtoowell.com|$2a$10$bPlIZOSckQOAC33pWnfMbupjXuKiprxZWtWKq2e3SbjGHrGzQ6Ld2|0||Me encanta escribir reseñas después de leer.
73|wordseeker|Patricia López|patricia.lopez@readtoowell.com|$2a$10$bPlIZOSckQOAC33pWnfMbupjXuKiprxZWtWKq2e3SbjGHrGzQ6Ld2|0||Siempre tengo una libreta para apuntar mis frases favoritas.
39|cozyreader|Paula Navarro|paula.navarro@readtoowell.com|$2a$10$bPlIZOSckQOAC33pWnfMbupjXuKiprxZWtWKq2e3SbjGHrGzQ6Ld2|0||Disfruto las novelas que se leen mejor con una manta y un té caliente.
128|storybender|Paula Serrano|paula.serrano@readtoowell.com|$2a$10$bPlIZOSckQOAC33pWnfMbupjXuKiprxZWtWKq2e3SbjGHrGzQ6Ld2|0||Me encanta cuando un libro me rompe el corazón. 💔
82|storygatherer|Pedro León|pedro.leon@readtoowell.com|$2a$10$bPlIZOSckQOAC33pWnfMbupjXuKiprxZWtWKq2e3SbjGHrGzQ6Ld2|0||Nunca es suficiente con un solo libro a la vez.
159|cuentapalabras|Pedro Sánchez|pedro.sanchez@readtoowell.com|$2a$10$bPlIZOSckQOAC33pWnfMbupjXuKiprxZWtWKq2e3SbjGHrGzQ6Ld2|0||Me fascina descubrir palabras nuevas.
55|novelnavigator|Raquel Torres|raquel.torres@readtoowell.com|$2a$10$bPlIZOSckQOAC33pWnfMbupjXuKiprxZWtWKq2e3SbjGHrGzQ6Ld2|0||Viajo por mundos imaginarios página a página.
98|chapterexplorer|Raúl Mendoza|raul.mendoza@readtoowell.com|$2a$10$bPlIZOSckQOAC33pWnfMbupjXuKiprxZWtWKq2e3SbjGHrGzQ6Ld2|0||Leo para escapar de la rutina y explorar mundos nuevos.
120|storyseeker|Rodrigo Peña|rodrigo.pena@readtoowell.com|$2a$10$bPlIZOSckQOAC33pWnfMbupjXuKiprxZWtWKq2e3SbjGHrGzQ6Ld2|0||Busco historias que me hagan sentir vivo. 💥
42|literarydreamer|Samuel Ortega|samuel.ortega@readtoowell.com|$2a$10$bPlIZOSckQOAC33pWnfMbupjXuKiprxZWtWKq2e3SbjGHrGzQ6Ld2|0||Me encantan las historias que mezclan realidad y fantasía.
133|bookoracle|Samuel Torres|samuel.torres@readtoowell.com|$2a$10$bPlIZOSckQOAC33pWnfMbupjXuKiprxZWtWKq2e3SbjGHrGzQ6Ld2|0||Predigo finales, pero sigo leyendo igual. 🔮
62|chapterdreamer|Sebastián Navarro|sebastian.navarro@readtoowell.com|$2a$10$bPlIZOSckQOAC33pWnfMbupjXuKiprxZWtWKq2e3SbjGHrGzQ6Ld2|0||Los finales abiertos me vuelven loco. Siempre quiero saber más.
110|novelcollector|Sergio Guzmán|sergio.guzman@readtoowell.com|$2a$10$bPlIZOSckQOAC33pWnfMbupjXuKiprxZWtWKq2e3SbjGHrGzQ6Ld2|0||Siempre en busca de la novela perfecta. 📖
66|bookexplorer|Sergio Morales|sergio.morales@readtoowell.com|$2a$10$bPlIZOSckQOAC33pWnfMbupjXuKiprxZWtWKq2e3SbjGHrGzQ6Ld2|0||Siempre en busca de nuevas aventuras literarias.
36|nocturnalreader|Sergio Vargas|sergio.vargas@readtoowell.com|$2a$10$bPlIZOSckQOAC33pWnfMbupjXuKiprxZWtWKq2e3SbjGHrGzQ6Ld2|0||Leo de noche cuando todo está en silencio. Los thrillers son mi debilidad.
149|cronicaslector|Sergio Vargas|sergio111@readtoowell.com|$2a$10$bPlIZOSckQOAC33pWnfMbupjXuKiprxZWtWKq2e3SbjGHrGzQ6Ld2|0||Registrando cada libro que me cambia la vida.
69|chapterlover|Sofía Blanco|sofia.blanco@readtoowell.com|$2a$10$bPlIZOSckQOAC33pWnfMbupjXuKiprxZWtWKq2e3SbjGHrGzQ6Ld2|0||Cada capítulo es un nuevo mundo por descubrir.
121|chapterglider|Sofía Herrera|sofia.herrera@readtoowell.com|$2a$10$bPlIZOSckQOAC33pWnfMbupjXuKiprxZWtWKq2e3SbjGHrGzQ6Ld2|0||Leo varios libros a la vez, no me juzgues. 📚
25|booklover23|Sofía Martínez|sofia.martinez@readtoowell.com|$2a$10$bPlIZOSckQOAC33pWnfMbupjXuKiprxZWtWKq2e3SbjGHrGzQ6Ld2|0||Amante de los libros y del café. Siempre en busca de nuevas historias. 
138|plotweaver|Sofía Montes|sofia.montes@readtoowell.com|$2a$10$bPlIZOSckQOAC33pWnfMbupjXuKiprxZWtWKq2e3SbjGHrGzQ6Ld2|0||Me encanta hilar teorías sobre las tramas. 🧵
101|inkhaku|Sofía Morales|sofia.morales@readtoowell.com|$2a$10$bPlIZOSckQOAC33pWnfMbupjXuKiprxZWtWKq2e3SbjGHrGzQ6Ld2|0||Me enamoro de personajes ficticios con demasiada facilidad. ❤️
156|lectorcreativo|Sofía Ramírez|sofia.ramirez@readtoowell.com|$2a$10$bPlIZOSckQOAC33pWnfMbupjXuKiprxZWtWKq2e3SbjGHrGzQ6Ld2|0||Invento mundos a partir de los libros que leo. 🖋️
40|bookwanderer|Tomás Delgado|tomas.delgado@readtoowell.com|$2a$10$bPlIZOSckQOAC33pWnfMbupjXuKiprxZWtWKq2e3SbjGHrGzQ6Ld2|0||Viajo a través de los libros. Siempre tengo una lista de lecturas pendiente.
161|páginaoculta|Tomás Gutiérrez|tomas.gutierrez@readtoowell.com|$2a$10$bPlIZOSckQOAC33pWnfMbupjXuKiprxZWtWKq2e3SbjGHrGzQ6Ld2|0||Buscando siempre el significado oculto. 🔑
102|pagewhisperer|Tomás Navarro|tomas.navarro@readtoowell.com|$2a$10$bPlIZOSckQOAC33pWnfMbupjXuKiprxZWtWKq2e3SbjGHrGzQ6Ld2|0||Me encantan los libros que me hacen reflexionar.
122|inkroamer|Tomás|tomas8989@readtoowell.com|$2a$10$bPlIZOSckQOAC33pWnfMbupjXuKiprxZWtWKq2e3SbjGHrGzQ6Ld2|0||Me encanta perderme en libros de ciencia ficción. 🚀
132|plotchaser55|Valentina Silva|valentina.silva@readtoowell.com|$2a$10$bPlIZOSckQOAC33pWnfMbupjXuKiprxZWtWKq2e3SbjGHrGzQ6Ld2|0||No puedo parar hasta saber cómo termina.
75|chapterhunter|Valeria Cruz|valeria.cruz@readtoowell.com|$2a$10$bPlIZOSckQOAC33pWnfMbupjXuKiprxZWtWKq2e3SbjGHrGzQ6Ld2|0||Me encantan los libros que te atrapan desde la primera página.
29|libraryaddict|Valeria López|valeria.lopez@readtoowell.com|$2a$10$bPlIZOSckQOAC33pWnfMbupjXuKiprxZWtWKq2e3SbjGHrGzQ6Ld2|0||Me encanta descubrir autores nuevos y compartir recomendaciones. 
105|booknomad|Valeria Ruiz|valeria.ruiz@readtoowell.com|$2a$10$bPlIZOSckQOAC33pWnfMbupjXuKiprxZWtWKq2e3SbjGHrGzQ6Ld2|0||Me pierdo en mundos de fantasía y no quiero salir.
162|narradorurbano|Valeria Suárez|valeria.suarez@readtoowell.com|$2a$10$bPlIZOSckQOAC33pWnfMbupjXuKiprxZWtWKq2e3SbjGHrGzQ6Ld2|0||Amante de las historias que viven en las calles. 🏙️
3|MiriamMercury|Miri|miriam@readtoowell.com|$2a$10$bPlIZOSckQOAC33pWnfMbupjXuKiprxZWtWKq2e3SbjGHrGzQ6Ld2|0|https://res.cloudinary.com/dfrgrfw4c/image/upload/v1741801664/readtoowell/profilepics/3.jpg|Amante de las novelas de misterio y los thrillers psicológicos. Nada como un buen libro para acompañar un café y una noche tranquila.
5|rutxu|Rubén Sierra|sierrina@readtoowell.com|$2a$10$bPlIZOSckQOAC33pWnfMbupjXuKiprxZWtWKq2e3SbjGHrGzQ6Ld2|0|https://res.cloudinary.com/dfrgrfw4c/image/upload/v1741801664/readtoowell/profilepics/5.jpg|Apasionado de la lectura y siempre en busca de la próxima historia que me haga perder la noción del tiempo
7|anabestia|Ana|anafo@readtoowell.com|$2a$10$bPlIZOSckQOAC33pWnfMbupjXuKiprxZWtWKq2e3SbjGHrGzQ6Ld2|0|https://res.cloudinary.com/dfrgrfw4c/image/upload/v1741801664/readtoowell/profilepics/7.jpg|Leo de todo un poco, pero siempre con música de fondo!!
8|bellatrix|Bei|beatriz@readtoowell.com|$2a$10$bPlIZOSckQOAC33pWnfMbupjXuKiprxZWtWKq2e3SbjGHrGzQ6Ld2|0|https://res.cloudinary.com/dfrgrfw4c/image/upload/v1741801664/readtoowell/profilepics/8.jpg|
9|MTFerEx|Mª  Teresa|mtfer@readtoowell.com|$2a$10$bPlIZOSckQOAC33pWnfMbupjXuKiprxZWtWKq2e3SbjGHrGzQ6Ld2|0|https://res.cloudinary.com/dfrgrfw4c/image/upload/v1741801664/readtoowell/profilepics/9.jpg|
10|alexcolo|Alejandro|alex@readtoowell.com|$2a$10$bPlIZOSckQOAC33pWnfMbupjXuKiprxZWtWKq2e3SbjGHrGzQ6Ld2|0|https://res.cloudinary.com/dfrgrfw4c/image/upload/v1741801664/readtoowell/profilepics/10.jpg|Devoro libros de fantasía y mitología. Siempre buscando mundos nuevos en los que perderme
11|neree_lf|Nerea L|nerea@readtoowell.com|$2a$10$bPlIZOSckQOAC33pWnfMbupjXuKiprxZWtWKq2e3SbjGHrGzQ6Ld2|0|https://res.cloudinary.com/dfrgrfw4c/image/upload/v1741801664/readtoowell/profilepics/11.jpg|
12|miguelmr|Miguelo|miguel@readtoowell.com|$2a$10$bPlIZOSckQOAC33pWnfMbupjXuKiprxZWtWKq2e3SbjGHrGzQ6Ld2|0|https://res.cloudinary.com/dfrgrfw4c/image/upload/v1741801664/readtoowell/profilepics/12.jpg|Fan de los finales sorprendentes y los libros que te dejan pensando días después
13|Richydos|Richy|ricardo@readtoowell.com|$2a$10$bPlIZOSckQOAC33pWnfMbupjXuKiprxZWtWKq2e3SbjGHrGzQ6Ld2|0|https://res.cloudinary.com/dfrgrfw4c/image/upload/v1741801664/readtoowell/profilepics/13.jpg|
14|andrea88|Andrea|andrea@readtoowell.com|$2a$10$bPlIZOSckQOAC33pWnfMbupjXuKiprxZWtWKq2e3SbjGHrGzQ6Ld2|0|https://res.cloudinary.com/dfrgrfw4c/image/upload/v1741801664/readtoowell/profilepics/14.jpg|
15|collinssuzanne|Suzanne Collins|szcollins@readtoowell.com|$2a$10$bPlIZOSckQOAC33pWnfMbupjXuKiprxZWtWKq2e3SbjGHrGzQ6Ld2|1|https://res.cloudinary.com/dfrgrfw4c/image/upload/v1741801664/readtoowell/profilepics/15.jpg|"Suzanne Collins nació en 1963 en la ciudad de Nueva Jersey (Estados Unidos).\nEs una escritora y guionista norteamericana, que ha participado en la elaboración de guiones para series de televisión infantiles, entre las que se encuentra """"Clarissa lo explica todo"""", """"Los misteriosos archivos de Shelby Woo"""", """"Pequeño Oso"""", """"Oswald"""" o """"Clifford, el gran perro rojo"""". Ha trabajado para compañías como Nickelodeon o Scholastic Enternaiment's.\nSuzanne Collins es autora de varios libros para niños, aunque alcanzó la fama con la saga """"Los Juegos del Hambre"""", una trilogía escrita para un público juvenil cuyo primer volumen recibe este mismo título, al que le siguen """"En llamas"""" y """"Sinsajo""""."
16|crzafon|Carlos Ruiz Zafón|zafon@readtoowell.com|$2a$10$bPlIZOSckQOAC33pWnfMbupjXuKiprxZWtWKq2e3SbjGHrGzQ6Ld2|1|https://res.cloudinary.com/dfrgrfw4c/image/upload/v1741801664/readtoowell/profilepics/16.jpg|"Carlos Ruiz Zafón nació el 25 de septiembre de 1964 en Barcelona.\nEscritor catalán, autor de algunos de los libros españoles más vendidos en todo el mundo. Sus obras se han traducido a más de cincuenta idiomas y cuentan con millones de lectores. Entre ellas destaca """"La sombra del viento"""", primer volumen de la saga titulada """"El Cementerio de los Libros Olvidados"""", novela que consiguió numerosos premios y multitud de lectores, además de formar parte de la selección de los 100 mejores libros en lengua castellana de los últimos 25 años, elaborada en 2007."
17|yarrosreb|Rebecca Yarros|rebeccay@readtoowell.com|$2a$10$bPlIZOSckQOAC33pWnfMbupjXuKiprxZWtWKq2e3SbjGHrGzQ6Ld2|1|https://res.cloudinary.com/dfrgrfw4c/image/upload/v1741801664/readtoowell/profilepics/17.jpg|Escritora estadounidense, Rebecca Yarros nació en Washington D.C., pero al pertenecer a una familia militar estuvo recorriendo mundo hasta que sus padres se jubilaron y se instalaron en Colorado.\nDespués de casarse con un militar, con quien ha tenido seis hijos, su propia familia ha vivido en diferentes países y han regresado a Colorado después de que él se retirara tras 22 años de servicio. En 2019 el matrimonio fundó la organización sin ánimo de lucro One October, cuyo objetivo es ayudar a los niños y niñas de Estados Unidos que se encuentran en el sistema de acogida y adopción.\nEn lo literario, Yarros es autora de más de quince novelas, muchas de las cuales han aparecido en las listas de libros más vendidos de medios como el New York Times o el USA Today. El éxito internacional le vino de la mano de Alas de sangre, la primera entrega de la saga fantástica Empíreo.
18|murakami|Haruki Murakami|harmurakami@readtoowell.com|$2a$10$bPlIZOSckQOAC33pWnfMbupjXuKiprxZWtWKq2e3SbjGHrGzQ6Ld2|1|https://res.cloudinary.com/dfrgrfw4c/image/upload/v1741801664/readtoowell/profilepics/18.jpg|"Haruki Murakami es un escritor y traductor japonés nacido en Kioto el 12 de enero de 1949.\nLa escritura de Murakami ha conquistado por completo a Occidente, se trata de uno de los pocos autores japoneses que han triunfado con gran éxito a nivel nacional e internacional. En sus libros crea un universo muy particular, surrealista y casi hipnótico, donde se entremezcla la realidad con la imaginación, con grandes dosis de sensualidad y creatividad, donde tampoco falta el sentido del humor. Sus protagonistas son seres solitarios, faltos de amor, conmovedores y movidos por los eternos anhelos intemporales de la humanidad.\nMurakami ha sido galardonado con muchos premios, como el Noma, el Tanizaki, el Yomiuri, el Frank O’Connor, el Franz Kafka, el Jerusalem Prize o la Orden de las Artes y las Letras que le concedió el Gobierno español. También del Princesa Asturias de las Letras en 2023. Incluso su nombre suena como un posible futuro Premio Nobel. Este autor demuestra que es posible ser escritor de """"best-sellers"""" con libros de alta calidad literaria. "
19|aciman_andre|André Aciman|acimana@readtoowell.com|$2a$10$bPlIZOSckQOAC33pWnfMbupjXuKiprxZWtWKq2e3SbjGHrGzQ6Ld2|1|https://res.cloudinary.com/dfrgrfw4c/image/upload/v1741801664/readtoowell/profilepics/19.jpg|André Aciman (Alejandría, 2 de enero de 1951) es un escritor, profesor universitario, crítico literario y periodista italo-estadounidense. Es conocido principalmente por su novela Llámame por tu nombre. Nació en Egipto en el seno de una familia sefardí y pasó parte de la adolescencia en Italia hasta que sus padres se trasladaron a Nueva York en 1968.
